posted_at,slug,status,media_id,note
2026-08-06T07:28:41,2026-08-06_what-to-say-when-your-child-says-i-m-just-not-a-math,skipped,,not rendered
2026-08-06T13:22:43,2026-08-06_what-to-say-when-your-child-says-i-m-just-not-a-math,skipped,,not rendered
2026-08-07T04:31:45,2026-08-07_your-child-isn-t-bad-at-maths-they-re-two-topics-beh,skipped,,not rendered
2026-08-07T08:40:16,2026-08-07_your-child-isn-t-bad-at-maths-they-re-two-topics-beh,dry_run,DRY_RUN_ID,
2026-08-07T11:57:06,2026-08-07_your-child-isn-t-bad-at-maths-they-re-two-topics-beh,dry_run,DRY_RUN_ID,
2026-08-07T15:34:04,2026-08-07_your-child-isn-t-bad-at-maths-they-re-two-topics-beh,dry_run,DRY_RUN_ID,
2026-08-07T15:34:12,2026-08-07_three-questions-to-ask-on-a-dubai-school-tour-that-t,skipped,,not rendered
2026-08-07T19:39:32,2026-08-07_your-child-isn-t-bad-at-maths-they-re-two-topics-beh,dry_run,DRY_RUN_ID,
2026-08-07T19:39:40,2026-08-07_three-questions-to-ask-on-a-dubai-school-tour-that-t,skipped,,not rendered
2026-08-08T04:32:51,2026-08-08_what-this-week-s-exam-board-announcement-means-for-y,skipped,,not rendered
2026-08-08T08:01:45,2026-08-08_what-this-week-s-exam-board-announcement-means-for-y,skipped,,not rendered
2026-08-08T10:04:40,2026-08-08_what-this-week-s-exam-board-announcement-means-for-y,skipped,,not rendered
2026-08-08T11:49:29,2026-08-08_what-this-week-s-exam-board-announcement-means-for-y,skipped,,not rendered
2026-08-08T14:18:07,2026-08-08_what-this-week-s-exam-board-announcement-means-for-y,skipped,,not rendered
2026-08-08T15:55:10,2026-08-08_what-this-week-s-exam-board-announcement-means-for-y,skipped,,not rendered
2026-08-08T15:55:18,2026-08-08_how-to-respond-to-a-bad-report-without-losing-the-ne,skipped,,not rendered
2026-08-08T17:57:22,2026-08-08_what-this-week-s-exam-board-announcement-means-for-y,skipped,,not rendered
2026-08-08T17:57:30,2026-08-08_how-to-respond-to-a-bad-report-without-losing-the-ne,skipped,,not rendered
2026-08-08T19:48:11,2026-08-08_what-this-week-s-exam-board-announcement-means-for-y,skipped,,not rendered
2026-08-08T19:48:19,2026-08-08_how-to-respond-to-a-bad-report-without-losing-the-ne,skipped,,not rendered
2026-08-09T04:49:42,2026-08-09_igcse-vs-ib-maths-which-actually-opens-more-universi,skipped,,not rendered
2026-08-09T08:04:50,2026-08-09_igcse-vs-ib-maths-which-actually-opens-more-universi,skipped,,not rendered
2026-08-09T10:07:43,2026-08-09_igcse-vs-ib-maths-which-actually-opens-more-universi,skipped,,not rendered
2026-08-09T11:52:26,2026-08-09_igcse-vs-ib-maths-which-actually-opens-more-universi,skipped,,not rendered
